video_title,views,posted,description
The Secret Behind Bucky's Arm,601K views,1 day ago,"Lorraine Cink talks with Eric Leven, VFX Supervisor on Marvel Studios' The Falcon and The Winter Soldier, about the ..."
VFX Secrets Behind Marvel Studios' The Falcon and The Winter Soldier,326K views,2 days ago,"Lorraine Cink talks with Eric Leven, VFX Supervisor of Marvel Studios' the Falcon and The Winter Soldier, about some of the VFX ..."
Marvel Studios Celebrates The Movies,11M views,6 days ago,"The world may change and evolve, but the one thing that will never change: we're all part of one big family. ▻ Watch Marvel on ..."
Marvel Studios' Loki | Official Trailer | Disney+,18M views,1 month ago,"Loki's time has come. Watch the brand-new trailer for ""Loki,"" and start streaming the Marvel Studios Original Series June 11 on ..."
Marvel Studios’ Shang-Chi and the Legend of the Ten Rings | Official Teaser,17M views,2 weeks ago,"Watch the brand new teaser trailer for Marvel Studios' “Shang-Chi and the Legend of the Ten Rings,” and experience it only in ..."
Marvel What If Trailer - New Multiverse Avengers Team Explained and Easter Eggs,231K views,8 hours ago,"Marvel What If Trailer 2021. New Multiverse Avengers Team Explained, Marvel Phase 4 Trailer Easter Eggs, New Iron Man Suit ..."
"ETERNALS Official Teaser (2021) Angelina Jolie, Marvel Movie HD",3.7M views,6 days ago,"ETERNALS Official Teaser (2021) Angelina Jolie, Marvel Movie HD © 2021 - Disney."
Doing Great | Marvel Studios' Loki | Disney+,1.8M views,4 days ago,Marvel Studios' “Loki” is here to mix it up The Original Series arrives June 9 with new episodes streaming Wednesdays on ...
Kestrel Event Awards Bugged - Offer Review - MARVEL Strike Force - MSF,8.7K views,9 hours ago,Get up to 20% off in-app purchases using my Amazon Coins Affiliate Link https://l.linklyhq.com/l/L6WB Play MARVEL Strike Force ...
"Marvel Studios' Loki - Official Trailer 2 (2021) Tom Hiddleston, Owen Wilson",3.5M views,1 month ago,"Watch the new trailer for the upcoming Marvel series, Loki, which premieres on June 11 on Disney+. Tom Hiddleston returns as ..."
"IRON MAN 4: RISE OF MORGAN STARK  ""Teaser Trailer"" (2021) | Robert Downey Jr,  Marvel Studios'",6.5M views,3 months ago,IRON MAN 4: RISE OF MORGAN STARK Cast & Crew: Robert Downey Jr. ... Tony Stark Gwyneth Paltrow ... Pepper Potts Don ...
We Tried Marvel Stunts In Real Life! - Challenge,6.7M views,1 month ago,We tried to replicate stunts from the Marvel superhero movies in real life! This was scary lol. The Marvel Cinematic Universe is one ...
ETERNALS #1 Final Trailer | Marvel Comics,6.3M views,5 months ago,NEVER DIE. NEVER WIN. ETERNALS. From the minds of Kieron Gillen and Esad Ribić comes an iconic new vision of the classic ...
10 Marvel Characters Who Are Being Set Up For Phase 5,845K views,7 months ago,"Phase IV of the MCU might be on hold while we wait for production to start back up and theaters to re-open, we're starting to see ..."
Marvel Studios' Shang-Chi and The Legend of the Ten Rings | Official Teaser,1.1M views,2 weeks ago,Watch the brand new teaser for Marvel Studios' Shang-Chi and The Legend of the Ten Rings. Coming soon in cinemas near you.
Marvel Studios’ Black Widow | New Trailer,12M views,1 month ago,"""We have unfinished business."" See Marvel Studios' “Black Widow” in theaters or on Disney+ with Premier Access on July 9."
"Marvel Studios - Official MCU Phase 4 Trailer (Eternals, Black Panther Wakanda Forever, &amp; More)",6.9M views,6 days ago,"Watch the featurette for a peek at the upcoming films in Phase 4 of the MCU including a look at Marvel's Black Widow, The ..."
Official Trailer | The Falcon and the Winter Soldier | Disney+,15M views,3 months ago,"Are you ready? Watch the brand-new trailer for Marvel Studios' “The Falcon and the Winter Soldier,” and start streaming the ..."
Team Iron Man vs Team Cap - Airport Battle Scene - Captain America: Civil War - Movie CLIP HD,132M views,2 years ago,"Airport Battle Scene - Team Cap (Hawkeye, Falcon, Bucky Barnes, Ant-Man, Scarlet Witch) vs Team Iron Man (War Machine, ..."
Loki - Bande-annonce officielle (VF) | Disney+,1.9M views,1 month ago,"L'heure de Loki est venue. Découvrez la nouvelle bande-annonce de Loki en VF, une série Disney+ Original par Marvel Studios, ..."
Marvel Studios' Shang-Chi and The Legend of the Ten Rings | Official Teaser,213K views,2 weeks ago,Watch the brand new teaser for Marvel Studios' #ShangChi and The Legend of the Ten Rings. In cinemas September 3.
